news,2
-------------------------,2
poland's,1
corporate,1
employees,1
see,1
wages,1
jump,1
-,1
more,1
rises,1
forecast,1
"warsaw,",1
2024-10-06,1
17:50,1
private,2
ad,2
-------------------,2
house,1
113m2,1
+,2
building,1
plot,1
1900m2,1
utility,1
room,1
50.000$,1
actual,2
until:,2
"2024-10-31,",1
25,1
days,2
left,2
quote,3
of,7
the,11
day,3
-------------,3
we,6
are,2
all,2
"broken,",1
that's,1
how,3
light,1
gets,1
in.,1
author:,3
ernest,1
hemingway,1
know,1
winners,1
nobel,2
prize,2
in,5
economics.,1
royal,1
swedish,1
academy,1
sciences,1
has,1
awarded,1
economics,1
to,3
daron,1
"acemoglu,",1
simon,1
"johnson,",1
and,5
james,1
a.,1
robinson,1
for,3
their,1
research,1
into,1
institutions,1
emerge,1
they,1
affect,1
well-being.,1
"stockholm,",1
2024-10-15,1
19:53,1
suzuki,1
swift,1
super,1
discount,2
"9,490",2
zl.,1
car,1
is,2
priced,1
at,1
pln,2
"89,390",1
gross,1
"catalogue,",1
but,2
our,2
showroom,1
you,4
will,1
get,1
a,2
if,1
use,1
dealer's,1
motor,1
insurance.,1
invite,1
contact,1
sellers,1
make,1
reservation.,1
"2024-12-31,",1
77,1
life,1
not,1
easy,1
any,1
us.,1
what,1
that?,1
must,3
have,1
perseverance,1
above,1
confidence,1
ourselves.,1
believe,2
that,2
gifted,1
something,1
this,1
thing,1
be,1
attained.,1
marie,1
curie,1
"can,",1
you're,1
halfway,1
there.,1
theodore,1
roosevelt,1
